{
    "epoch": 5.0,
    "total_flos": 1.030853130338304e+18,
    "train_loss": 0.6080100276353169,
    "train_runtime": 8858.9406,
    "train_samples_per_second": 1.467,
    "train_steps_per_second": 0.092
}